insert into users (id, first_name, last_name, email, username, password_hash, gender, roles, created, status, origin,
                   birth_date)
values ('00000000-0000-0000-0000-000000000000', 'Alexia', 'Caskie', 'acaskie0@miibeian.gov.cn', 'acaskie0', 'hash',
        'FEMALE', '{USER}', '2022-06-24T03:16:34Z', 'CONFIRMED', 'EMAIL', '7/13/2021'),
       ('00000000-0000-0000-0000-000000000001', 'Nerty', 'Noble', 'nnoble1@jigsy.com', 'nnoble1', 'hash', 'FEMALE',
        '{USER}', '2022-05-13T17:43:20Z', 'PENDING', 'EMAIL', '8/16/2021'),
       ('00000000-0000-0000-0000-000000000002', 'Elysia', 'Beecham', 'ebeecham2@nsw.gov.au', 'ebeecham2', 'hash',
        'FEMALE', '{USER}', '2022-01-21T23:30:14Z', 'PENDING', 'EMAIL', '1/1/2022'),
       ('00000000-0000-0000-0000-000000000003', 'Mackenzie', 'Hardern', 'mhardern3@admin.ch', 'mhardern3', 'hash',
        'MALE', '{USER}', '2021-11-06T07:14:32Z', 'CONFIRMED', 'EMAIL', '7/1/2021'),
       ('00000000-0000-0000-0000-000000000004', 'Emyle', 'Dallemore', 'edallemore4@deviantart.com', 'edallemore4',
        'hash', 'FEMALE', '{USER}', '2021-11-26T14:33:24Z', 'PENDING', 'EMAIL', '3/18/2022'),
       ('00000000-0000-0000-0000-000000000005', 'Maximilianus', 'Huggard', 'mhuggard5@abc.net.au', 'mhuggard5', 'hash',
        'MALE', '{USER}', '2022-03-30T02:05:42Z', 'CONFIRMED', 'EMAIL', '8/2/2022'),
       ('00000000-0000-0000-0000-000000000006', 'Garrot', 'Pottinger', 'gpottinger6@quantcast.com', 'gpottinger6',
        'hash', 'MALE', '{USER}', '2021-10-04T10:59:01Z', 'PENDING', 'EMAIL', '4/27/2022'),
       ('00000000-0000-0000-0000-000000000007', 'Hadrian', 'McKeand', 'hmckeand7@sciencedirect.com', 'hmckeand7',
        'hash', 'MALE', '{USER}', '2022-03-12T05:45:07Z', 'PENDING', 'EMAIL', '2/11/2022'),
       ('00000000-0000-0000-0000-000000000008', 'Kareem', 'Seamen', 'kseamen8@theglobeandmail.com', 'kseamen8', 'hash',
        'MALE', '{USER}', '2022-05-19T04:41:01Z', 'CONFIRMED', 'EMAIL', '5/24/2022'),
       ('00000000-0000-0000-0000-000000000009', 'Jock', 'La Rosa', 'jlarosa9@mediafire.com', 'jlarosa9', 'hash', 'MALE',
        '{USER}', '2021-11-02T05:48:40Z', 'CONFIRMED', 'EMAIL', '10/25/2021'),
       ('00000000-0000-0000-0000-00000000000a', 'Tierney', 'Mitchinson', 'tmitchinsona@dropbox.com', 'tmitchinsona',
        'hash', 'FEMALE', '{USER}', '2022-04-07T19:42:06Z', 'CONFIRMED', 'EMAIL', '5/21/2022'),
       ('00000000-0000-0000-0000-00000000000b', 'Tamqrah', 'Driffill', 'tdriffillb@vk.com', 'tdriffillb', 'hash',
        'FEMALE', '{USER}', '2021-09-01T11:26:41Z', 'PENDING', 'EMAIL', '7/10/2022'),
       ('00000000-0000-0000-0000-00000000000c', 'Chelsae', 'Bakster', 'cbaksterc@twitter.com', 'cbaksterc', 'hash',
        'FEMALE', '{USER}', '2022-06-15T20:19:07Z', 'PENDING', 'EMAIL', '7/24/2022'),
       ('00000000-0000-0000-0000-00000000000d', 'Leora', 'Ranby', 'lranbyd@photobucket.com', 'lranbyd', 'hash',
        'FEMALE', '{USER}', '2022-03-05T21:47:50Z', 'CONFIRMED', 'EMAIL', '2/8/2022'),
       ('00000000-0000-0000-0000-00000000000e', 'Ken', 'Tigwell', 'ktigwelle@google.de', 'ktigwelle', 'hash', 'MALE',
        '{USER}', '2021-11-21T03:28:00Z', 'CONFIRMED', 'EMAIL', '7/29/2022'),
       ('00000000-0000-0000-0000-00000000000f', 'Tanny', 'Brute', 'tbrutef@sourceforge.net', 'tbrutef', 'hash', 'MALE',
        '{USER}', '2022-03-06T21:59:44Z', 'CONFIRMED', 'EMAIL', '12/10/2021'),
       ('00000000-0000-0000-0000-000000000010', 'Manfred', 'Grumbridge', 'mgrumbridgeg@examiner.com', 'mgrumbridgeg',
        'hash', 'MALE', '{USER}', '2022-07-27T13:58:26Z', 'PENDING', 'EMAIL', '5/12/2022'),
       ('00000000-0000-0000-0000-000000000011', 'Leonie', 'Strange', 'lstrangeh@sitemeter.com', 'lstrangeh', 'hash',
        'FEMALE', '{USER}', '2021-10-24T06:09:21Z', 'CONFIRMED', 'EMAIL', '2/2/2022'),
       ('00000000-0000-0000-0000-000000000012', 'Gregory', 'Colton', 'gcoltoni@hubpages.com', 'gcoltoni', 'hash',
        'MALE', '{USER}', '2022-04-15T13:58:58Z', 'PENDING', 'EMAIL', '10/14/2021'),
       ('00000000-0000-0000-0000-000000000013', 'Patrizio', 'Pitchers', 'ppitchersj@woothemes.com', 'ppitchersj',
        'hash', 'MALE', '{USER}', '2021-10-18T23:37:51Z', 'PENDING', 'EMAIL', '1/29/2022');


insert into assets(id, original_name, path, type, size)
values ('00000000-0000-0000-0000-000000000000', 'sample.png', 'path/sample.png', 'image/png', 1024);


insert into merchants (id, name, siren, capital, address, logo_asset_id)
values ('00000000-0000-0000-0000-000000000000', 'Apple Inc', '123456789', 1024, '1 Apple Park, Cupertino, USA',
        '00000000-0000-0000-0000-000000000000');

insert into game_boards (id, name, cells, row_size)
values ('00000000-0000-0000-0000-000000000000', 'Default', '{1,1,1,1,1,1,1,1,1,1,1,1,1,1,1,1}', 4);


insert into contests (id, name, from_date, to_date, description, category, cover_asset_id, cost, access_code,
                      newsletter_subscription, adult_only, merchant_id, board_id)
values ('00000000-0000-0000-0000-000000000000', 'PREM', '2022-06-15 22:17:00.000000 +00:00',
        '2022-06-30 22:17:00.000000 +00:00', 'é', 'FASHION', '00000000-0000-0000-0000-000000000000', 1, 'XCSTRY', false,
        false, '00000000-0000-0000-0000-000000000000', '00000000-0000-0000-0000-000000000000');


insert into packs (id, dtype, name, first_winner_position, last_winner_position, contest_id, code, expiration_date)
values ('00000000-0000-0000-0000-000000000000', 'Coupon', 'Reward 1', 1, 4, '00000000-0000-0000-0000-000000000000',
        '000000', '2022-08-15T21:00:00.000000Z'),
       ('00000000-0000-0000-0000-000000000001', 'Coupon', 'Reward 2', 4, 7, '00000000-0000-0000-0000-000000000000',
        '000000', '2022-08-15T21:00:00.000000Z'),
       ('00000000-0000-0000-0000-000000000002', 'Coupon', 'Reward 3', 7, 11, '00000000-0000-0000-0000-000000000000',
        '000000', '2022-08-15T21:00:00.000000Z');


insert into ranking_rows (id, score, user_id, contest_id, created)
values (gen_random_uuid(), 1001, '00000000-0000-0000-0000-000000000000', '00000000-0000-0000-0000-000000000000', now()),
       (gen_random_uuid(), 1000, '00000000-0000-0000-0000-000000000001', '00000000-0000-0000-0000-000000000000', now()),
       (gen_random_uuid(), 999, '00000000-0000-0000-0000-000000000002', '00000000-0000-0000-0000-000000000000', now()),
       (gen_random_uuid(), 500, '00000000-0000-0000-0000-000000000003', '00000000-0000-0000-0000-000000000000', now()),
       (gen_random_uuid(), 450, '00000000-0000-0000-0000-000000000004', '00000000-0000-0000-0000-000000000000', now()),
       (gen_random_uuid(), 256, '00000000-0000-0000-0000-000000000005', '00000000-0000-0000-0000-000000000000', now()),
       (gen_random_uuid(), 128, '00000000-0000-0000-0000-000000000006', '00000000-0000-0000-0000-000000000000', now()),
       (gen_random_uuid(), 64, '00000000-0000-0000-0000-000000000007', '00000000-0000-0000-0000-000000000000', now()),
       (gen_random_uuid(), 2, '00000000-0000-0000-0000-000000000008', '00000000-0000-0000-0000-000000000000', now()),
       (gen_random_uuid(), 1, '00000000-0000-0000-0000-000000000009', '00000000-0000-0000-0000-000000000000',
        now() - interval '1 minute'),
       (gen_random_uuid(), 1, '00000000-0000-0000-0000-00000000000a', '00000000-0000-0000-0000-000000000000', now()),
       (gen_random_uuid(), 0, '00000000-0000-0000-0000-00000000000b', '00000000-0000-0000-0000-000000000000', now()),
       (gen_random_uuid(), 0, '00000000-0000-0000-0000-00000000000c', '00000000-0000-0000-0000-000000000000', now()),
       (gen_random_uuid(), 0, '00000000-0000-0000-0000-00000000000d', '00000000-0000-0000-0000-000000000000', now());